date,trend2015-04-01,642015-04-02,622015-04-03,672015-04-04,652015-04-05,672015-04-06,682015-04-07,682015-04-08,712015-04-09,782015-04-10,1002015-04-11,832015-04-12,762015-04-13,752015-04-14,712015-04-15,672015-04-16,672015-04-17,672015-04-18,692015-04-19,692015-04-20,67